Id,Name,ParentRoleId
00E5f000001Ex85EAC,"Acme Partners Partner Executive",00E5f000001Ex86EAC
00E5f000001Ex8KEAS,"Acme Partners Partner Manager",00E5f000001Ex85EAC
00E5f000001Ex8LEAS,"Acme Partners Partner User",00E5f000001Ex8KEAS
00E5f000001Ex8sEAC,"Advanced Communications Customer Executive",00E5f000001Ex81EAC
00E5f000001Ex8tEAC,"Advanced Communications Customer Manager",00E5f000001Ex8sEAC
00E5f000001Ex8TEAS,"Advanced Communications Customer User",00E5f000001Ex8tEAC
00E5f000001Ex8XEAS,"AUser Customer Person Account",00E5f000001Ex81EAC
00E5f000001Ex8JEAS,"Business Development Director",00E5f000001Ex8DEAS
00E5f000001Ex8mEAC,"Meridian Partners Partner Executive",00E5f000001Ex86EAC
00E5f000001Ex8nEAC,"Meridian Partners Partner Manager",00E5f000001Ex8mEAC
00E5f000001Ex87EAC,"Meridian Partners Partner User",00E5f000001Ex8nEAC
00E5f000001Ex90EAC,"CCAnonymous Customer Executive",00E5f000001Ex81EAC
00E5f000001Ex91EAC,"CCAnonymous Customer Manager",00E5f000001Ex90EAC
00E5f000001Ex82EAC,"CCAnonymous Customer User",00E5f000001Ex91EAC
00E5f000001Ex83EAC,"Central Sales",00E5f000001Ex84EAC
00E5f000001Ex81EAC,CEO,
00E5f000001Ex8HEAS,"Customer Service Agent",00E5f000001Ex8GEAS
00E5f000001Ex8GEAS,"Customer Service Manager",00E5f000001Ex8MEAS
00E5f000001Ex8kEAC,"Summit Resellers Partner Executive",00E5f000001Ex8oEAC
00E5f000001Ex8lEAC,"Summit Resellers Partner Manager",00E5f000001Ex8kEAC
00E5f000001Ex8CEAS,"Summit Resellers Partner User",00E5f000001Ex8lEAC
00E5f000001Ex8iEAC,"Displaytech Customer Executive",00E5f000001Ex89EAC
00E5f000001Ex8jEAC,"Displaytech Customer Manager",00E5f000001Ex8iEAC
00E5f000001Ex8QEAS,"Displaytech Customer User",00E5f000001Ex8jEAC
00E5f000001Ex86EAC,"Director of Channel Sales",00E5f000001Ex8DEAS
00E5f000001Ex8FEAS,"Director of Human Resources",00E5f000001Ex8dEAC
00E5f000001Ex8wEAC,"Director of Public Relations",00E5f000001Ex8NEAS
00E5f000001Ex8xEAC,"Director of Product Marketing",00E5f000001Ex8NEAS
00E5f000001Ex8OEAS,"Director of Engineering",00E5f000001Ex8dEAC
00E5f000001Ex8IEAS,"Director of Finance",00E5f000001Ex8dEAC
00E5f000001Ex89EAC,"East Sales",00E5f000001Ex8EEAS
00E5f000001Ex8gEAC,"Finance Manager",00E5f000001Ex8IEAS
00E5f000001Ex8yEAC,"Green Fields Media Customer Executive",00E5f000001Ex89EAC
00E5f000001Ex8zEAC,"Green Fields Media Customer Manager",00E5f000001Ex8yEAC
00E5f000001Ex8ZEAS,"Green Fields Media Customer User",00E5f000001Ex8zEAC
00E5f000001Ex92EAC,"Omega Financial Services Customer Executive",00E5f000001Ex89EAC
00E5f000001Ex93EAC,"Omega Financial Services Customer Manager",00E5f000001Ex92EAC
00E5f000001Ex8aEAC,"Omega Financial Services Customer User",00E5f000001Ex93EAC
00E5f000001Ex94EAC,"Omega Systems Customer Executive",00E5f000001Ex88EAC
00E5f000001Ex95EAC,"Omega Systems Customer Manager",00E5f000001Ex94EAC
00E5f000001Ex8cEAC,"Omega Systems Customer User",00E5f000001Ex95EAC
00E5f000001Ex8eEAC,Partner,00E5f000001Ex86EAC
00E5f000001Ex8hEAC,"Project Manager",00E5f000001Ex8OEAS
00E5f000001Ex84EAC,"RVP Central",00E5f000001Ex8DEAS
00E5f000001Ex8EEAS,"RVP East",00E5f000001Ex8DEAS
00E5f000001Ex8fEAC,"RVP International Sales",00E5f000001Ex8DEAS
00E5f000001Ex8BEAS,"RVP West",00E5f000001Ex8DEAS
00E5f000001Ex8oEAC,"Pinnacle Partners Partner Executive",00E5f000001Ex85EAC
00E5f000001Ex8pEAC,"Pinnacle Partners Partner Manager",00E5f000001Ex8oEAC
00E5f000001Ex8AEAS,"Pinnacle Partners Partner User",00E5f000001Ex8pEAC
00E5f000001Ex8VEAS,"Social Media Manager",00E5f000001Ex8NEAS
00E5f000001Ex8UEAS,"Team Lead",00E5f000001Ex8hEAC
00E5f000001Ex8REAS,"Omega, Inc. Customer Executive",00E5f000001Ex81EAC
00E5f000001Ex8WEAS,"Omega, Inc. Customer Manager",00E5f000001Ex8REAS
00E5f000001Ex8PEAS,"Omega, Inc. Customer User",00E5f000001Ex8WEAS
00E5f000001Ex8qEAC,"Vand Enterprises, Inc. Customer Executive",00E5f000001Ex89EAC
00E5f000001Ex8rEAC,"Vand Enterprises, Inc. Customer Manager",00E5f000001Ex8qEAC
00E5f000001Ex8SEAS,"Vand Enterprises, Inc. Customer User",00E5f000001Ex8rEAC
00E5f000001Ex8MEAS,"VP of Customer Service",00E5f000001Ex81EAC
00E5f000001Ex8NEAS,"VP of Marketing",00E5f000001Ex81EAC
00E5f000001Ex8dEAC,"VP of Operations",00E5f000001Ex81EAC
00E5f000001Ex8DEAS,"VP of Sales",00E5f000001Ex81EAC
00E5f000001Ex88EAC,"West Sales",00E5f000001Ex8BEAS
00E5f000001Ex8uEAC,"Zenith Distributors Partner Executive",00E5f000001Ex86EAC
00E5f000001Ex8vEAC,"Zenith Distributors Partner Manager",00E5f000001Ex8uEAC
00E5f000001Ex8YEAS,"Zenith Distributors Partner User",00E5f000001Ex8vEAC
