Id,Name
0055f000001pqMPAAY,"Automated Process"
0055f000001pqMqAAI,"Data.com Clean"
0055f000001pqRPAAY,System
0055f000000JjB1AAK,"Byron Turner"
0055f000001pqNDAAY,"James Weiss"
0055f000001pqNXAAY,"Gurdeep Rahi"
0055f000001pqOlAAI,"Lynn Bolton"
0055f000001pqRyAAI,"Sudhir Bakhru"
0055f000001pqQOAAY,"Linda Banks"
0055f000001pqRHAAY,"Robert Weiss"
0055f000001pqN4AAI,"B2BGuest User"
0055f000001pqOoAAI,"James Wu"
0055f000001pqOpAAI,"Andrea Bowden"
0055f000001pqOqAAI,"Mark Kingston"
0055f000001pqQVAAY,"Bob Hodges"
0055f000001pqOtAAI,"Steve Ishikawa"
0055f000001pqP4AAI,"Mark Metz"
0055f000001pqPaAAI,"Lauren Bailey"
0055f000001pqQQAAY,"Tammy Baxter"
0055f000001pqREAAY,"Wes Chopra"
0055f000000JjB0AAK,"Dan Fitzgerald"
0055f000001pqOxAAI,"Ω - Public Site Guest User"
0055f000001pqOzAAI,"Ω - Customers Site Guest User"
0055f000001pqP0AAI,"Ω - Partners Site Guest User"
0055f000001pqP7AAI,"Ω - iPadApp Site Guest User"
0055f000001pqPDAAY,"Company Website Site Guest User"
0055f000001pqPHAAY,"Ω - PKB Site Guest User"
0055f000001pqPIAAY,"Ω - Social Support Site Guest User"
0055f000001pqPSAAY,"Ω - Partner Site Guest User"
0055f000001pqPTAAY,"Ω - Customer Site Guest User"
0055f000001pqPWAAY,"Ω - Legacy 1 Site Guest User"
0055f000001pqPXAAY,"Ω - Social Site Guest User"
0055f000001pqQUAAY,"Ω - Legacy 5 Site Guest User"
0055f000001pqQYAAY,"Ω - Legacy 3 Site Guest User"
0055f000001pqQaAAI,"Ω - Legacy B2B Commerce Storefront Site Guest User"
0055f000001pqR5AAI,"Ω - Legacy 2 Site Guest User"
0055f000001pqRqAAI,"Ω - Legacy Employee Community Site Guest User"
0055f000000JjAuAAK,"Checkout Site Guest User"
0055f000001pqNKAAY,"SDO - B2B Commerce Site Guest User"
0055f000001pqP2AAI,"Ω - Survey Site Guest User"
0055f000001pqQbAAI,"SDO - Consumer Site Guest User"
0055f000001pqRMAAY,"SDO - Professional Site Guest User"
0055f000001pqROAAY,"SDO - Partner Central Site Guest User"
0055f000001pqM0AAI,"Tom Reseller"
0055f000001pqLvAAI,"Paul Partner"
0055f000001pqPbAAI,"Sarah Phillips"
0055f000001pqLyAAI,"Barry Brown"
0055f000001pqLoAAI,"Sean Silver"
0055f000001pqLmAAI,"Jamie Green"
0055f000001pqNpAAI,"Acme Dispatcher"
0055f000001pqNqAAI,"Xavier Acme"
0055f000001pqNrAAI,"Yvette Acme"
0055f000001pqNsAAI,"Zach Acme"
0055f000001pqRCAAY,"Daryl Distributor"
0055f000001pqM3AAI,"Casey Miller"
0055f000001pqM7AAI,"Melissa Baker"
0055f000001pqMMAAY,SDO_vh
0055f000001pqMUAAY,SDO_fr
0055f000001pqNWAAY,SDO_A13
0055f000001pqOgAAI,Inactive
0055f000001pqP9AAI,jigsaw
0055f000001pqPRAAY,Data.com
0055f000001pqR7AAI,SDO_dh
0055f000001pqR8AAI,SDO_ts
0055f000001pqOyAAI,"Dave Developer"
0055f000001pqMAAAY,"Crystal Franklin"
0055f000001pqMBAAY,"Krystal Sanchez"
0055f000001pqMCAAY,"Kendra Lopez"
0055f000001pqM4AAI,"Erin Marsh"
0055f000001pqM9AAI,"Savannah Smith"
0055f000000JjJXAA0,"Insights Integration"
0055f000000JjJYAA0,"B2BMA Integration"
0055f000000JjJZAA0,"SalesforceIQ Integration"
0055f000001pqM8AAI,"Sara Brown"
0055f000001pqMDAAY,SDO_mj
0055f000001pqMEAAY,SDO_hp
0055f000001pqMHAAY,SDO_A1
0055f000001pqMIAAY,SDO_A6
0055f000001pqMJAAY,SDO_A9
0055f000001pqMNAAY,SDO_A3
0055f000001pqMOAAY,SDO_A4
0055f000001pqMQAAY,"Integration User"
0055f000001pqMRAAY,SDO_A7
0055f000001pqMSAAY,SDO_ls
0055f000001pqMTAAY,SDO_A8
0055f000001pqMWAAY,SDO_A10
0055f000001pqMXAAY,"Gl1tch Bot"
0055f000001pqMYAAY,SDO_sl
0055f000001pqMjAAI,"Security User"
0055f000001pqMoAAI,SDO_A11
0055f000001pqMpAAI,SDO_A12
0055f000001pqMrAAI,"Max Kohn"
0055f000001pqMsAAI,"Sunny Bot"
0055f000001pqMtAAI,"Chronos Bot"
0055f000001pqMuAAI,"Tracker Bot"
0055f000001pqMvAAI,"Rider Bot"
0055f000001pqNGAAY,"Shizhao Li"
0055f000001pqNjAAI,"David Data"
0055f000001pqNtAAI,"FSL Optimization"
0055f000001pqNyAAI,"Prakash Das"
0055f000001pqNzAAI,"Deanna Marsh"
0055f000001pqO0AAI,"Andre McGee"
0055f000001pqO1AAI,"Paula Wright"
0055f000001pqO2AAI,"Janet Martinez"
0055f000001pqO3AAI,"Lisa Hartman"
0055f000001pqO4AAI,"Connie Ruiz"
0055f000001pqO5AAI,"Mark Mayo"
0055f000001pqO6AAI,"Tina Le"
0055f000001pqO7AAI,"Carrie Olson"
0055f000001pqO8AAI,"Russell Perez"
0055f000001pqO9AAI,"Anita Gonzalez"
0055f000001pqOAAAY,"Zachary Garcia"
0055f000001pqOBAAY,"Keith Dorsey"
0055f000001pqOCAAY,"James Harrington"
0055f000001pqOEAAY,"Einstein Chatbot"
0055f000001pqObAAI,"Einstein Helper"
0055f000001pqR9AAI,"Marketing Cloud"
0055f000001pqRKAAY,"James Technician"
0055f000001pqRWAAY,"Janice Gonzales"
0055f000001pqRXAAY,"Louise Martin"
0055f000001pqRYAAY,"Ralph Clark"
0055f000001pqRZAAY,"Alan Reed"
0055f000001pqRaAAI,"Jane Austin"
0055f000001pqRbAAI,"Gloria Barnes"
0055f000001pqRcAAI,"Harry Long"
0055f000001pqRdAAI,"Matthew Parker"
0055f000001pqReAAI,"Alexander Raneri"
0055f000001pqRfAAI,"Andy James"
0055f000001pqRgAAI,"James Clifton"
0055f000001pqRhAAI,"Janet Jones"
0055f000001pqRiAAI,"Jim Matthews"
0055f000001pqRjAAI,"Extra User"
0055f000001pqRkAAI,"Lamar Smith"
0055f000001pqRlAAI,"Mary Adams"
0055f000001pqRmAAI,"Melissa Wood"
0055f000001pqRnAAI,"Pam Lawison"
0055f000001pqRoAAI,"Paul Morrison"
0055f000001pqRpAAI,"Martino Castanon"
0055f000001pqRxAAI,"Einstein User"
0055f000000JjAnAAK,"James Ferguson"
0055f000001pqMKAAY,SDO_A2
0055f000001pqMLAAY,SDO_A5
0055f000001pqNhAAI,"App Exchange"
0055f000001pqQSAAY,"Social Hub"
0055f000001pqR6AAI,"John Smith"
0055f000001pqRFAAY,"Michelle Chung"
0055f000001pqRIAAY,"Mark Watson"
0055f000001pqRLAAY,"Samantha Dispatcher"
0055f000001pqLlAAI,"Kasey Central"
0055f000001pqLnAAI,"Cindy Central"
0055f000001pqN0AAI,"Olivia Order"
0055f000001pqLuAAI,"Vanessa Central"
0055f000001pqLxAAI,"Vance Channel"
0055f000001pqMnAAI,"Chet Callaghan"
0055f000001pqLrAAI,"Wendy West"
0055f000001pqLzAAI,"Bill West"
0055f000001pqLpAAI,"Ricky East"
0055f000001pqLwAAI,"Ely East"
0055f000001pqLsAAI,"Vince West"
0055f000001pqLtAAI,"Elliot Executive"
0055f000001pqLqAAI,"Valerie East"
0055f000001pqM1AAI,"Andrea Admin"
0055f000001pqRJAAY,"Helen Roberts"
0055f000001pqM2AAI,"Brenda Service"
0055f000001pqM5AAI,"Jay Service"
0055f000001pqM6AAI,"Linda Service"
0055f000001pqMmAAI,"Tim Service"
0055f000001pqMFAAY,"Ted Data"
0055f000001pqMGAAY,"Gordon Reeves"
0055f000001pqOfAAI,"Alf Operations"
0055f000001pqOhAAI,"Steven Service"
0055f000001pqOiAAI,"Sue Marketing"
0055f000001pqOjAAI,"Quentin Engineer"
0055f000001pqPGAAY,"Chris Plus"
0055f000001pqQTAAY,"Ted Training"
0055f000001pqPPAAY,"Neil Patel"
0055f000000JjAwAAK,"Chris Cloud"
0055f000000JjAxAAK,"Chus Espma"
0055f000000JjAyAAK,"James Smyth"
0055f000000JjB2AAK,"Michele Canepa"
0055f000001pqN2AAI,"William Garrison"
0055f000001pqN3AAI,"Test User"
0055f000001pqOOAAY,"Chris Cloud"
0055f000001pqOPAAY,"Carl Cloud"
0055f000001pqOQAAY,"Chip Cloud"
0055f000001pqORAAY,"Mike Cala"
0055f000001pqOSAAY,"Hirokazu Tanaka"
0055f000001pqOTAAY,"Hirokazu Tanaka"
0055f000001pqOUAAY,"Mike Cala"
0055f000001pqOVAAY,"IVÁN ROMERO RODRÍGUEZ"
0055f000001pqOYAAY,"Vikram Kalu"
0055f000001pqPZAAY,"Lucas Bostwick"
0055f000001pqQcAAI,"Geoff Harvin"
0055f000001pqQdAAI,"Katherine Peterson"
0055f000001pqQeAAI,"Charles Ballard"
0055f000001pqQfAAI,"John Walters"
0055f000001pqQgAAI,"Rebecca O'shea"
0055f000001pqQhAAI,"Paul Bensen"
0055f000001pqQnAAI,"Eric Hale"
0055f000001pqQoAAI,"Max Gardner"
0055f000001pqS1AAI,"Guillermo Reyes"
0055f000001pqPKAAY,"Chris Post"
0055f000001pqPLAAY,"Aiden Pearson"
0055f000001pqPMAAY,"Brad Anastasio"
0055f000001pqPNAAY,"Emilee Kendra"
0055f000001pqQPAAY,"Larry Baxter"
0055f000001pqQiAAI,"Wes Hardin"
0055f000001pqQjAAI,"Mike Welch"
0055f000001pqQkAAI,"Karen Wells"
0055f000001pqQlAAI,"Mina Passini"
0055f000001pqQmAAI,"Stacy McNeil"
0055f000001pqQpAAI,"Deanna Collins"
0055f000001pqQqAAI,"Andy Peterson"
0055f000001pqQrAAI,"Anne Frost"
0055f000001pqQsAAI,"Robert Janzen"
0055f000001pqQtAAI,"Heath Axworth"
0055f000001pqQvAAI,"Duncan Macintosh"
0055f000001pqQwAAI,"Lance Gonzales"
0055f000001pqQxAAI,"Gabe Hoskins"
0055f000001pqQyAAI,"Robert Simpson"
0055f000001pqQzAAI,"Mike Garcia"
0055f000001pqR0AAI,"Mark Smith"
0055f000001pqRRAAY,"Julie Dillon"
0055f000001pqMxAAI,"Platform Integration User"
0055f000001pqPCAAY,"Leon Bancroft"
0055f000001pqPEAAY,"Laura Byrne"
0055f000001pqPFAAY,"James Wu"
0055f000001pqPUAAY,"Jason Brennaman"
0055f000001pqPVAAY,"Brent Salazar"
